STATION,DATE,SNWD,SNOW
GHCND:US1MAMD0008,20150101,-9999,0
GHCND:US1MAMD0008,20150123,-9999,0
GHCND:US1MAMD0007,20150101,-9999,0
GHCND:US1MAMD0007,20150102,-9999,0
GHCND:US1MAMD0007,20150103,-9999,0
GHCND:US1MAMD0007,20150104,23,23
GHCND:US1MAMD0007,20150106,-9999,0
GHCND:US1MAMD0007,20150107,0,0
GHCND:US1MAMD0007,20150108,0,0
GHCND:US1MAMD0007,20150109,-9999,0
GHCND:US1MAMD0007,20150110,8,8
GHCND:US1MAMD0007,20150111,0,0
GHCND:US1MAMD0007,20150112,0,0
GHCND:US1MAMD0007,20150114,-9999,0
GHCND:US1MAMD0007,20150115,0,0
GHCND:US1MAMD0007,20150116,8,8
GHCND:US1MAMD0007,20150117,0,0
GHCND:US1MAMD0007,20150118,0,0
GHCND:US1MAMD0007,20150120,-9999,0
GHCND:US1MAMD0007,20150121,-9999,0
GHCND:US1MAMD0007,20150122,-9999,0
GHCND:US1MAMD0007,20150123,-9999,0
GHCND:US1MAMD0007,20150124,64,64
GHCND:US1MAMD0007,20150125,140,91
GHCND:US1MAMD0007,20150126,114,0
GHCND:US1MAMD0007,20150127,381,356
GHCND:US1MAMD0007,20150128,508,152
GHCND:US1MAMD0007,20150129,432,0
GHCND:US1MAMD0007,20150130,394,3
GHCND:US1MAMD0007,20150131,356,25
GHCND:US1MAMD0007,20150201,-9999,0
GHCND:US1MAMD0007,20150202,457,119
GHCND:US1MAMD0007,20150203,660,244
GHCND:US1MAMD0007,20150204,559,0
GHCND:US1MAMD0007,20150205,533,3
GHCND:US1MAMD0007,20150206,533,23
GHCND:US1MAMD0007,20150207,508,0
GHCND:US1MAMD0007,20150208,584,91
GHCND:US1MAMD0007,20150209,660,104
GHCND:US1MAMD0007,20150210,787,142
GHCND:US1MAMD0007,20150211,711,0
GHCND:US1MAMD0007,20150212,660,0
GHCND:US1MAMD0007,20150213,660,13
GHCND:US1MAMD0007,20150214,635,0
GHCND:US1MAMD0012,20150101,0,0
GHCND:US1MAMD0012,20150102,0,0
GHCND:US1MAMD0012,20150103,0,0
GHCND:US1MAMD0012,20150104,38,33
GHCND:US1MAMD0012,20150105,13,0
GHCND:US1MAMD0012,20150106,13,0
GHCND:US1MAMD0012,20150107,13,8
GHCND:US1MAMD0012,20150108,13,0
GHCND:US1MAMD0012,20150109,13,0
GHCND:US1MAMD0012,20150110,38,38
GHCND:US1MAMD0012,20150111,25,0
GHCND:US1MAMD0012,20150112,25,0
GHCND:US1MAMD0012,20150113,13,0
GHCND:US1MAMD0012,20150114,13,0
GHCND:US1MAMD0012,20150115,13,0
GHCND:US1MAMD0012,20150116,13,0
GHCND:US1MAMD0012,20150117,0,0
GHCND:US1MAMD0012,20150118,0,0
GHCND:US1MAMD0012,20150119,0,0
GHCND:US1MAMD0012,20150120,0,0
GHCND:US1MAMD0012,20150121,0,0
GHCND:US1MAMD0012,20150122,0,0
GHCND:US1MAMD0012,20150123,0,0
GHCND:US1MAMD0012,20150124,51,51
GHCND:US1MAMD0012,20150125,191,157
GHCND:US1MAMD0012,20150126,152,0
GHCND:US1MAMD0012,20150127,483,381
GHCND:US1MAMD0012,20150128,813,452
GHCND:US1MAMD0012,20150129,686,0
GHCND:US1MAMD0012,20150130,635,3
GHCND:US1MAMD0012,20150131,508,20
GHCND:US1MAMD0012,20150201,508,0
GHCND:US1MAMD0012,20150202,495,89
GHCND:US1MAMD0012,20150203,737,274
GHCND:US1MAMD0012,20150204,686,0
GHCND:US1MAMD0012,20150205,673,18
GHCND:US1MAMD0012,20150206,610,66
GHCND:US1MAMD0012,20150207,610,0
GHCND:US1MAMD0012,20150208,673,89
GHCND:US1MAMD0012,20150209,737,130
GHCND:US1MAMD0012,20150210,749,175
GHCND:US1MAMD0012,20150211,711,0
GHCND:US1MAMD0012,20150212,699,0
GHCND:US1MAMD0012,20150213,686,13
GHCND:US1MAMD0012,20150214,673,0
GHCND:US1MAMD0011,20150101,-9999,0
GHCND:US1MAMD0011,20150102,-9999,0
GHCND:US1MAMD0011,20150103,-9999,0
GHCND:US1MAMD0011,20150106,-9999,0
GHCND:USC00192913,20150101,0,0
GHCND:USC00192913,20150104,25,-9999
GHCND:USC00192913,20150106,0,0
GHCND:USC00192913,20150107,0,5
GHCND:USC00192913,20150108,0,0
GHCND:USC00192913,20150111,25,0
GHCND:USC00192913,20150112,25,0
GHCND:USC00192913,20150113,0,0
GHCND:USC00192913,20150114,0,0
GHCND:USC00192913,20150115,0,8
GHCND:USC00192913,20150116,-9999,0
GHCND:USC00192913,20150117,0,0
GHCND:USC00192913,20150118,0,0
GHCND:USC00192913,20150119,0,0
GHCND:USC00192913,20150120,0,0
GHCND:USC00192913,20150124,76,76
GHCND:USC00192913,20150125,102,36
GHCND:USC00192913,20150126,102,0
GHCND:USC00192913,20150127,406,305
GHCND:USC00192913,20150128,483,203
GHCND:USC00192913,20150129,457,-9999
GHCND:USC00192913,20150130,483,0
GHCND:USC00192913,20150131,457,25
GHCND:USC00192913,20150201,457,0
GHCND:USC00192913,20150202,-9999,127
GHCND:USC00192913,20150203,635,254
GHCND:USC00192913,20150204,457,0
GHCND:USC00192913,20150205,457,0
GHCND:USC00192913,20150206,457,51
GHCND:USC00192913,20150207,432,-9999
GHCND:USC00192913,20150211,711,0
GHCND:USC00192913,20150212,711,0
GHCND:USC00192913,20150213,711,0
GHCND:USC00192913,20150214,584,-9999
GHCND:USC00194105,20150104,-9999,25
GHCND:USC00194105,20150117,0,0
GHCND:USC00194105,20150118,0,0
GHCND:USC00194105,20150124,102,102
GHCND:USC00194105,20150128,635,584
GHCND:USC00194105,20150129,610,0
GHCND:USC00194105,20150130,584,0
GHCND:USC00194105,20150131,-9999,25
GHCND:USC00194105,20150202,508,114
GHCND:USC00194105,20150203,813,191
GHCND:USC00194105,20150205,-9999,25
GHCND:USC00194105,20150206,457,38
GHCND:USC00194105,20150207,457,0
GHCND:USC00194105,20150209,-9999,254
GHCND:USC00194105,20150210,-9999,76
GHCND:USC00194105,20150213,-9999,25
GHCND:USC00194313,20150104,51,5
GHCND:USC00194313,20150105,0,-9999
GHCND:USC00194313,20150106,25,-9999
GHCND:USC00194313,20150107,25,3
GHCND:USC00194313,20150108,25,-9999
GHCND:USC00194313,20150109,25,-9999
GHCND:USC00194313,20150110,25,25
GHCND:USC00194313,20150111,25,-9999
GHCND:USC00194313,20150112,25,3
GHCND:USC00194313,20150113,25,-9999
GHCND:USC00194313,20150114,25,-9999
GHCND:USC00194313,20150115,25,-9999
GHCND:USC00194313,20150116,25,10
GHCND:USC00194313,20150117,25,-9999
GHCND:USC00194313,20150118,25,-9999
GHCND:USC00194313,20150119,0,-9999
GHCND:USC00194313,20150125,178,178
GHCND:USC00194313,20150126,152,-9999
GHCND:USC00194313,20150127,457,340
GHCND:USC00194313,20150128,940,455
GHCND:USC00194313,20150129,711,-9999
GHCND:USC00194313,20150130,610,3
GHCND:USC00194313,20150131,711,10
GHCND:USC00194313,20150202,-9999,58
GHCND:USC00194313,20150203,889,302
GHCND:USC00194313,20150204,762,-9999
GHCND:USC00194313,20150205,635,28
GHCND:USC00194313,20150206,686,91
GHCND:USC00194313,20150207,457,-9999
GHCND:USC00194313,20150208,533,76
GHCND:USC00194313,20150209,787,249
GHCND:USC00194313,20150210,914,135
GHCND:USC00194313,20150211,838,-9999
GHCND:USC00194313,20150212,787,-9999
GHCND:USC00194313,20150213,813,66
GHCND:USC00194313,20150214,813,-9999
GHCND:USC00193276,20150105,25,0
GHCND:USC00193276,20150106,-9999,10
GHCND:USC00193276,20150107,-9999,5
GHCND:USC00193276,20150108,-9999,0
GHCND:USC00193276,20150110,51,0
GHCND:USC00193276,20150111,25,0
GHCND:USC00193276,20150112,25,3
GHCND:USC00193276,20150114,25,0
GHCND:USC00193276,20150115,25,23
GHCND:USC00193276,20150116,25,0
GHCND:USC00193276,20150117,25,0
GHCND:USC00193276,20150118,0,0
GHCND:USC00193276,20150119,0,0
GHCND:USC00193276,20150120,0,0
GHCND:USC00193276,20150121,0,0
GHCND:USC00193276,20150122,0,0
GHCND:USC00193276,20150123,0,0
GHCND:USC00193276,20150124,178,165
GHCND:USC00193276,20150125,152,0
GHCND:USC00193276,20150131,889,3
GHCND:USC00193276,20150201,864,0
GHCND:USC00193276,20150203,1092,-9999
GHCND:USC00193276,20150204,1092,-9999
GHCND:USC00193276,20150206,559,0
GHCND:USC00193276,20150207,559,10
GHCND:USC00190840,20150104,25,25
GHCND:USC00190840,20150105,0,-9999
GHCND:USC00190840,20150107,0,0
GHCND:USC00190840,20150108,0,-9999
GHCND:USC00190840,20150110,0,0
GHCND:USC00190840,20150111,0,-9999
GHCND:USC00190840,20150112,0,-9999
GHCND:USC00190840,20150113,0,-9999
GHCND:USC00190840,20150115,0,0
GHCND:USC00190840,20150116,0,0
GHCND:USC00190840,20150117,0,-9999
GHCND:USC00190840,20150122,0,0
GHCND:USC00190840,20150124,76,66
GHCND:USC00190840,20150125,76,15
GHCND:USC00190840,20150126,76,-9999
GHCND:USC00190840,20150127,381,305
GHCND:USC00190840,20150128,457,76
GHCND:USC00190840,20150129,457,-9999
GHCND:USC00190840,20150130,432,0
GHCND:USC00190840,20150202,533,51
GHCND:USC00190840,20150203,660,127
GHCND:USC00190840,20150204,660,-9999
GHCND:USC00190840,20150205,610,-9999
GHCND:USC00190840,20150206,610,0
GHCND:USC00190840,20150207,610,-9999
GHCND:USC00190840,20150208,51,8
GHCND:USC00190840,20150209,686,76
GHCND:USC00190840,20150210,813,127
GHCND:USC00190840,20150211,813,-9999
GHCND:USC00190840,20150212,813,0
GHCND:USC00190840,20150213,813,-9999
GHCND:USC00190840,20150214,686,-9999
GHCND:US1MANF0005,20150101,-9999,0
GHCND:US1MANF0005,20150102,-9999,0
GHCND:US1MANF0005,20150103,-9999,0
GHCND:US1MANF0005,20150104,-9999,13
GHCND:US1MANF0005,20150106,-9999,0
GHCND:US1MANF0005,20150108,-9999,0
GHCND:US1MANF0005,20150109,-9999,0
GHCND:US1MANF0005,20150110,-9999,13
GHCND:US1MANF0005,20150111,-9999,0
GHCND:US1MANF0005,20150112,-9999,0
GHCND:US1MANF0005,20150114,-9999,0
GHCND:US1MANF0005,20150115,-9999,0
GHCND:US1MANF0005,20150116,-9999,13
GHCND:US1MANF0005,20150120,-9999,0
GHCND:US1MANF0005,20150121,-9999,0
GHCND:US1MANF0005,20150122,-9999,0
GHCND:US1MANF0005,20150124,-9999,64
GHCND:US1MANF0005,20150126,76,0
GHCND:US1MANF0005,20150127,483,419
GHCND:US1MANF0005,20150128,559,152
GHCND:US1MANF0005,20150129,559,0
GHCND:US1MANF0005,20150130,483,-9999
GHCND:US1MANF0005,20150131,508,38
GHCND:US1MANF0005,20150201,508,0
GHCND:US1MANF0005,20150202,-9999,102
GHCND:US1MANF0005,20150203,-9999,203
GHCND:US1MANF0005,20150204,737,0
GHCND:US1MANF0005,20150205,610,0
GHCND:US1MANF0005,20150206,-9999,38
GHCND:US1MANF0005,20150208,-9999,99
GHCND:US1MANF0005,20150209,-9999,279
GHCND:US1MANF0005,20150210,-9999,325
GHCND:US1MANF0005,20150211,-9999,0
GHCND:US1MANF0005,20150212,-9999,13
GHCND:US1MANF0005,20150213,-9999,13
GHCND:US1MANF0005,20150214,-9999,0
GHCND:USC00194502,20150102,0,0
GHCND:USC00194502,20150103,0,0
GHCND:USC00194502,20150104,0,0
GHCND:USC00194502,20150105,0,0
GHCND:USC00194502,20150106,0,0
GHCND:USC00194502,20150107,0,0
GHCND:USC00194502,20150108,0,0
GHCND:USC00194502,20150109,0,0
GHCND:USC00194502,20150110,0,0
GHCND:USC00194502,20150111,0,0
GHCND:USC00194502,20150112,0,0
GHCND:USC00194502,20150113,0,0
GHCND:USC00194502,20150114,0,0
GHCND:USC00194502,20150116,0,0
GHCND:USC00194502,20150117,0,0
GHCND:USC00194502,20150118,0,0
GHCND:USC00194502,20150119,0,0
GHCND:USC00194502,20150120,0,0
GHCND:USC00194502,20150121,0,0
GHCND:USC00194502,20150122,0,0
GHCND:USC00194502,20150123,0,0
GHCND:USC00194502,20150124,25,25
GHCND:USC00194502,20150125,76,0
GHCND:USC00194502,20150126,-9999,0
GHCND:USC00194502,20150128,584,597
GHCND:USC00194502,20150129,533,0
GHCND:USC00194502,20150130,483,0
GHCND:USC00194502,20150131,0,0
GHCND:USC00194502,20150201,457,0
GHCND:USC00194502,20150203,737,381
GHCND:USC00194502,20150204,635,0
GHCND:USC00194502,20150205,584,0
GHCND:USC00194502,20150206,584,0
GHCND:USC00194502,20150207,584,0
GHCND:USC00194502,20150208,686,102
GHCND:USC00194502,20150209,737,264
GHCND:USC00194502,20150210,838,569
GHCND:USC00194502,20150211,737,0
GHCND:USC00194502,20150212,737,0
GHCND:USC00190736,20150101,0,0
GHCND:USC00190736,20150102,0,0
GHCND:USC00190736,20150103,0,0
GHCND:USC00190736,20150104,25,64
GHCND:USC00190736,20150105,0,0
GHCND:USC00190736,20150106,0,0
GHCND:USC00190736,20150107,0,10
GHCND:USC00190736,20150108,0,8
GHCND:USC00190736,20150109,0,0
GHCND:USC00190736,20150110,25,23
GHCND:USC00190736,20150111,0,0
GHCND:USC00190736,20150112,0,0
GHCND:USC00190736,20150113,0,0
GHCND:USC00190736,20150114,0,0
GHCND:USC00190736,20150115,0,10
GHCND:USC00190736,20150116,25,10
GHCND:USC00190736,20150117,0,0
GHCND:USC00190736,20150118,0,0
GHCND:USC00190736,20150119,0,0
GHCND:USC00190736,20150120,0,0
GHCND:USC00190736,20150121,0,0
GHCND:USC00190736,20150122,0,0
GHCND:USC00190736,20150123,0,0
GHCND:USC00190736,20150124,51,53
GHCND:USC00190736,20150125,127,74
GHCND:USC00190736,20150126,102,0
GHCND:USC00190736,20150127,305,394
GHCND:USC00190736,20150128,559,389
GHCND:USC00190736,20150129,559,0
GHCND:USC00190736,20150130,432,5
GHCND:USC00190736,20150131,406,30
GHCND:USC00190736,20150201,406,0
GHCND:USC00190736,20150202,457,94
GHCND:USC00190736,20150203,610,325
GHCND:USC00190736,20150204,610,0
GHCND:USC00190736,20150205,559,0
GHCND:USC00190736,20150206,610,89
GHCND:USC00190736,20150207,584,0
GHCND:USC00190736,20150208,686,127
GHCND:USC00190736,20150209,813,244
GHCND:USC00190736,20150210,965,333
GHCND:USC00190736,20150211,914,0
GHCND:USC00190736,20150212,914,36
GHCND:USC00190736,20150213,889,15
GHCND:USC00190736,20150214,864,0
GHCND:US1MANF0003,20150101,0,0
GHCND:US1MANF0003,20150102,0,0
GHCND:US1MANF0003,20150103,0,0
GHCND:US1MANF0003,20150104,38,38
GHCND:US1MANF0003,20150105,0,0
GHCND:US1MANF0003,20150106,3,3
GHCND:US1MANF0003,20150107,0,0
GHCND:US1MANF0003,20150108,0,0
GHCND:US1MANF0003,20150109,0,0
GHCND:US1MANF0003,20150110,25,25
GHCND:US1MANF0003,20150113,0,0
GHCND:US1MANF0003,20150115,0,0
GHCND:US1MANF0003,20150116,5,5
GHCND:US1MANF0003,20150117,0,0
GHCND:US1MANF0003,20150124,64,64
GHCND:US1MANF0003,20150125,-9999,58
GHCND:US1MANF0003,20150126,0,0
GHCND:US1MANF0003,20150127,305,305
GHCND:US1MANF0003,20150128,-9999,152
GHCND:US1MANF0003,20150129,-9999,0
GHCND:US1MANF0003,20150130,-9999,0
GHCND:US1MANF0003,20150131,-9999,13
GHCND:US1MANF0003,20150201,-9999,0
GHCND:US1MANF0003,20150202,-9999,84
GHCND:US1MANF0003,20150203,-9999,0
GHCND:US1MANF0003,20150204,-9999,0
GHCND:US1MANF0003,20150205,-9999,0
GHCND:US1MANF0003,20150206,-9999,79
GHCND:US1MANF0003,20150207,-9999,0
GHCND:US1MANF0003,20150208,-9999,76
GHCND:US1MANF0003,20150209,-9999,97
GHCND:US1MANF0003,20150210,-9999,185
GHCND:US1MANF0003,20150211,-9999,0
GHCND:US1MANF0003,20150212,-9999,0
GHCND:US1MANF0008,20150101,-9999,0
GHCND:US1MANF0008,20150105,-9999,0
GHCND:US1MANF0008,20150107,0,0
GHCND:US1MANF0008,20150108,0,0
GHCND:US1MANF0011,20150101,-9999,0
GHCND:US1MANF0011,20150102,-9999,0
GHCND:US1MANF0011,20150103,-9999,0
GHCND:US1MANF0011,20150104,13,18
GHCND:US1MANF0011,20150106,-9999,0
GHCND:US1MANF0011,20150114,-9999,0
GHCND:US1MANF0011,20150116,3,3
GHCND:US1MANF0011,20150117,-9999,0
GHCND:US1MANF0011,20150118,-9999,0
GHCND:US1MANF0011,20150120,-9999,0
GHCND:US1MANF0011,20150121,-9999,0
GHCND:US1MANF0011,20150122,-9999,0
GHCND:US1MANF0011,20150123,-9999,0
GHCND:US1MANF0011,20150124,76,76
GHCND:US1MANF0011,20150125,43,25
GHCND:US1MANF0011,20150126,25,0
GHCND:US1MANF0011,20150127,406,406
GHCND:US1MANF0011,20150128,610,203
GHCND:US1MANF0011,20150129,559,0
GHCND:US1MANF0011,20150130,533,3
GHCND:US1MANF0011,20150131,483,0
GHCND:US1MANF0011,20150201,406,0
GHCND:US1MANF0011,20150202,559,140
GHCND:US1MANF0011,20150203,660,241
GHCND:US1MANF0011,20150204,635,0
GHCND:US1MANF0011,20150205,635,0
GHCND:US1MANF0011,20150206,686,64
GHCND:US1MANF0011,20150207,648,0
GHCND:US1MANF0011,20150208,711,76
GHCND:US1MANF0011,20150209,813,124
GHCND:US1MANF0011,20150210,889,206
GHCND:US1MANF0011,20150211,864,0
GHCND:US1MANF0011,20150212,813,0
GHCND:US1MANF0011,20150213,787,0
GHCND:US1MANF0011,20150214,762,3
GHCND:US1MASF0004,20150104,13,25
GHCND:US1MASF0004,20150107,-9999,5
GHCND:US1MASF0004,20150108,-9999,0
GHCND:US1MASF0004,20150110,13,13
GHCND:US1MASF0004,20150115,-9999,5
GHCND:US1MASF0004,20150116,-9999,5
GHCND:US1MASF0004,20150124,-9999,64
GHCND:US1MASF0004,20150125,127,-9999
GHCND:US1MASF0004,20150127,-9999,229
GHCND:US1MASF0004,20150128,-9999,203
GHCND:US1MASF0004,20150130,368,0
GHCND:US1MASF0004,20150131,356,13
GHCND:US1MASF0004,20150201,343,0
GHCND:US1MASF0004,20150202,-9999,152
GHCND:US1MASF0004,20150203,635,381
GHCND:US1MASF0004,20150205,559,-9999
GHCND:US1MASF0004,20150207,508,-9999
GHCND:US1MASF0004,20150208,584,89
GHCND:US1MASF0004,20150209,711,102
GHCND:US1MASF0004,20150210,813,127
GHCND:US1MASF0004,20150213,711,13
GHCND:US1MASF0004,20150214,686,-9999
GHCND:US1MASF0002,20150101,0,0
GHCND:US1MASF0002,20150102,0,0
GHCND:US1MASF0002,20150103,-9999,0
GHCND:US1MASF0002,20150104,0,36
GHCND:US1MASF0002,20150105,-9999,0
GHCND:US1MASF0002,20150106,-9999,0
GHCND:US1MASF0002,20150107,0,5
GHCND:US1MASF0002,20150108,0,0
GHCND:US1MASF0002,20150109,0,0
GHCND:US1MASF0002,20150110,0,5
GHCND:US1MASF0002,20150111,0,0
GHCND:US1MASF0002,20150112,-9999,0
GHCND:US1MASF0002,20150114,-9999,0
GHCND:US1MASF0002,20150115,3,3
GHCND:US1MASF0002,20150116,8,18
GHCND:US1MASF0002,20150117,0,0
GHCND:US1MASF0002,20150118,0,0
GHCND:US1MASF0002,20150119,0,0
GHCND:US1MASF0002,20150120,0,0
GHCND:US1MASF0002,20150121,0,0
GHCND:US1MASF0002,20150122,0,0
GHCND:US1MASF0002,20150123,0,0
GHCND:US1MASF0002,20150124,61,61
GHCND:US1MASF0002,20150125,89,69
GHCND:US1MASF0002,20150126,76,0
GHCND:US1MASF0002,20150127,330,300
GHCND:US1MASF0002,20150128,686,325
GHCND:US1MASF0002,20150129,572,0
GHCND:US1MASF0002,20150130,394,3
GHCND:US1MASF0002,20150131,368,48
GHCND:US1MASF0002,20150201,343,0
GHCND:US1MASF0002,20150202,445,91
GHCND:US1MASF0002,20150203,757,320
GHCND:US1MASF0002,20150204,610,0
GHCND:US1MASF0002,20150205,533,0
GHCND:US1MASF0002,20150206,521,20
GHCND:US1MASF0002,20150207,483,0
GHCND:US1MASF0002,20150208,584,94
GHCND:US1MASF0002,20150209,775,213
GHCND:US1MASF0002,20150210,965,297
GHCND:US1MASF0002,20150211,787,0
GHCND:US1MASF0002,20150212,775,13
GHCND:US1MASF0002,20150213,787,25
GHCND:US1MASF0002,20150214,660,0
GHCND:US1MASF0001,20150107,-9999,0
GHCND:US1MASF0001,20150116,-9999,5
GHCND:USC00192997,20150101,0,0
GHCND:USC00192997,20150102,0,0
GHCND:USC00192997,20150103,0,0
GHCND:USC00192997,20150104,25,25
GHCND:USC00192997,20150105,0,0
GHCND:USC00192997,20150106,0,0
GHCND:USC00192997,20150107,0,0
GHCND:USC00192997,20150108,0,0
GHCND:USC00192997,20150109,0,0
GHCND:USC00192997,20150110,25,38
GHCND:USC00192997,20150111,25,0
GHCND:USC00192997,20150112,25,0
GHCND:USC00192997,20150113,0,0
GHCND:USC00192997,20150114,0,0
GHCND:USC00192997,20150115,0,0
GHCND:USC00192997,20150116,0,0
GHCND:USC00192997,20150117,0,0
GHCND:USC00192997,20150118,0,0
GHCND:USC00192997,20150119,0,0
GHCND:USC00192997,20150120,0,0
GHCND:USC00192997,20150121,0,0
GHCND:USC00192997,20150122,0,0
GHCND:USC00192997,20150123,0,0
GHCND:USC00192997,20150124,0,0
GHCND:USC00192997,20150125,102,114
GHCND:USC00192997,20150126,102,0
GHCND:USC00192997,20150128,508,533
GHCND:USC00192997,20150129,457,0
GHCND:USC00192997,20150130,406,0
GHCND:USC00192997,20150131,406,38
GHCND:USC00192997,20150201,406,0
GHCND:USC00192997,20150202,305,38
GHCND:USC00192997,20150203,533,292
GHCND:USC00192997,20150204,508,0
GHCND:USC00192997,20150205,457,0
GHCND:USC00192997,20150206,508,79
GHCND:USC00192997,20150207,508,0
GHCND:USC00192997,20150208,559,46
GHCND:USC00192997,20150209,635,132
GHCND:USC00192997,20150210,762,188
GHCND:USC00192997,20150211,737,0
GHCND:USC00192997,20150212,737,0
GHCND:USC00192997,20150213,610,0
GHCND:USC00192997,20150214,610,0
GHCND:USW00014739,20150101,-9999,0
GHCND:USW00014739,20150102,-9999,0
GHCND:USW00014739,20150103,-9999,36
GHCND:USW00014739,20150104,-9999,0
GHCND:USW00014739,20150105,-9999,0
GHCND:USW00014739,20150106,-9999,5
GHCND:USW00014739,20150107,-9999,0
GHCND:USW00014739,20150108,-9999,0
GHCND:USW00014739,20150109,-9999,5
GHCND:USW00014739,20150110,-9999,0
GHCND:USW00014739,20150111,-9999,0
GHCND:USW00014739,20150112,-9999,0
GHCND:USW00014739,20150113,-9999,0
GHCND:USW00014739,20150114,-9999,0
GHCND:USW00014739,20150115,-9999,20
GHCND:USW00014739,20150116,-9999,0
GHCND:USW00014739,20150117,-9999,0
GHCND:USW00014739,20150118,-9999,0
GHCND:USW00014739,20150119,-9999,0
GHCND:USW00014739,20150120,-9999,0
GHCND:USW00014739,20150121,-9999,0
GHCND:USW00014739,20150122,-9999,0
GHCND:USW00014739,20150123,-9999,0
GHCND:USW00014739,20150124,-9999,130
GHCND:USW00014739,20150125,-9999,0
GHCND:USW00014739,20150126,-9999,58
GHCND:USW00014739,20150127,-9999,561
GHCND:USW00014739,20150128,-9999,5
GHCND:USW00014739,20150129,-9999,0
GHCND:USW00014739,20150130,-9999,18
GHCND:USW00014739,20150131,-9999,33
GHCND:USW00014739,20150201,-9999,0
GHCND:USW00014739,20150202,-9999,411
GHCND:USW00014739,20150203,-9999,0
GHCND:USW00014739,20150204,-9999,0
GHCND:USW00014739,20150205,-9999,20
GHCND:USW00014739,20150206,-9999,0
GHCND:USW00014739,20150207,-9999,23
GHCND:USW00014739,20150208,-9999,188
GHCND:USW00014739,20150209,-9999,376
GHCND:USW00014739,20150210,-9999,18
GHCND:USW00014739,20150211,-9999,13
GHCND:USW00014739,20150212,-9999,25
GHCND:US1NHRC0047,20150101,-9999,0
GHCND:US1NHRC0047,20150102,-9999,0
GHCND:US1NHRC0047,20150103,-9999,0
GHCND:US1NHRC0047,20150104,33,33
GHCND:US1NHRC0047,20150105,15,0
GHCND:US1NHRC0047,20150106,13,0
GHCND:US1NHRC0047,20150107,13,8
GHCND:US1NHRC0047,20150108,13,0
GHCND:US1NHRC0047,20150109,13,0
GHCND:US1NHRC0047,20150110,38,30
GHCND:US1NHRC0047,20150111,25,0
GHCND:US1NHRC0047,20150112,25,0
GHCND:US1NHRC0047,20150113,13,0
GHCND:US1NHRC0047,20150114,-9999,0
GHCND:US1NHRC0047,20150115,25,0
GHCND:US1NHRC0047,20150116,25,13
GHCND:US1NHRC0047,20150117,-9999,0
GHCND:US1NHRC0047,20150118,-9999,0
GHCND:US1NHRC0047,20150120,-9999,0
GHCND:US1NHRC0047,20150121,-9999,0
GHCND:US1NHRC0047,20150122,-9999,0
GHCND:US1NHRC0047,20150123,-9999,0
GHCND:US1NHRC0047,20150124,-9999,3
GHCND:US1NHRC0047,20150125,163,163
GHCND:US1NHRC0047,20150126,140,0
GHCND:US1NHRC0047,20150127,-9999,411
GHCND:US1NHRC0047,20150128,-9999,660
GHCND:US1NHRC0047,20150129,559,0
GHCND:US1NHRC0047,20150130,495,13
GHCND:US1NHRC0047,20150131,457,38
GHCND:US1NHRC0047,20150201,432,0
GHCND:US1NHRC0047,20150202,495,64
GHCND:US1NHRC0047,20150203,660,300
GHCND:US1NHRC0047,20150204,605,0
GHCND:US1NHRC0047,20150205,635,127
GHCND:US1NHRC0047,20150206,597,-9999
GHCND:US1NHRC0047,20150207,533,0
GHCND:US1NHRC0047,20150208,572,64
GHCND:US1NHRC0047,20150209,699,122
GHCND:US1NHRC0047,20150210,762,127
GHCND:US1NHRC0047,20150211,711,0
GHCND:US1NHRC0047,20150212,648,0
GHCND:US1NHRC0047,20150213,724,46
GHCND:USC00194580,20150101,0,0
GHCND:USC00194580,20150102,0,0
GHCND:USC00194580,20150105,25,-9999
GHCND:USC00194580,20150106,0,0
GHCND:USC00194580,20150107,0,8
GHCND:USC00194580,20150108,0,0
GHCND:USC00194580,20150110,25,-9999
GHCND:USC00194580,20150111,25,0
GHCND:USC00194580,20150112,25,0
GHCND:USC00194580,20150113,0,0
GHCND:USC00194580,20150114,0,0
GHCND:USC00194580,20150115,0,0
GHCND:USC00194580,20150117,0,-9999
GHCND:USC00194580,20150119,0,-9999
GHCND:USC00194580,20150120,0,0
GHCND:USC00194580,20150121,0,0
GHCND:USC00194580,20150122,0,0
GHCND:USC00194580,20150123,0,0
GHCND:USC00194580,20150124,25,38
GHCND:USC00194580,20150125,178,152
GHCND:USC00194580,20150126,127,0
GHCND:USC00194580,20150127,559,432
GHCND:USC00194580,20150128,813,406
GHCND:USC00194580,20150129,660,0
GHCND:USC00194580,20150130,508,0
GHCND:USC00194580,20150131,483,0
GHCND:USC00194580,20150201,483,0
GHCND:USC00194580,20150202,533,104
GHCND:USC00194580,20150203,762,216
GHCND:USC00194580,20150208,686,-9999
GHCND:USC00194580,20150209,787,114
GHCND:USC00194580,20150210,914,114
GHCND:USC00194580,20150211,787,0
GHCND:USC00194580,20150212,762,0
GHCND:USC00190593,20150101,0,0
GHCND:USC00190593,20150102,0,0
GHCND:USC00190593,20150103,0,0
GHCND:USC00190593,20150104,0,-9999
GHCND:USC00190593,20150105,0,0
GHCND:USC00190593,20150106,0,0
GHCND:USC00190593,20150107,0,0
GHCND:USC00190593,20150108,0,0
GHCND:USC00190593,20150109,0,0
GHCND:USC00190593,20150110,0,0
GHCND:USC00190593,20150111,0,0
GHCND:USC00190593,20150112,0,0
GHCND:USC00190593,20150113,0,0
GHCND:USC00190593,20150114,0,0
GHCND:USC00190593,20150115,0,0
GHCND:USC00190593,20150116,0,0
GHCND:USC00190593,20150117,0,0
GHCND:USC00190593,20150118,0,0
GHCND:USC00190593,20150119,0,0
GHCND:USC00190593,20150120,0,0
GHCND:USC00190593,20150121,0,0
GHCND:USC00190593,20150122,0,0
GHCND:USC00190593,20150123,0,0
GHCND:USC00190593,20150126,102,-9999
GHCND:USC00190593,20150127,229,135
GHCND:USC00190593,20150128,559,483
GHCND:USC00190593,20150129,483,0
GHCND:USC00190593,20150130,406,0
GHCND:USC00190593,20150131,406,18
GHCND:USC00190593,20150201,406,0
GHCND:USC00190593,20150203,686,343
GHCND:USC00190593,20150204,610,0
GHCND:USC00190593,20150205,533,0
GHCND:USC00190593,20150206,533,18
GHCND:USC00190593,20150207,533,0
GHCND:USC00190593,20150208,584,61
GHCND:USC00190593,20150209,686,274
GHCND:USC00190593,20150210,813,358
GHCND:USC00190593,20150211,737,0
GHCND:USC00190593,20150212,762,0
GHCND:USC00190593,20150213,787,33
GHCND:USC00190593,20150214,762,0
GHCND:US1MANF0001,20150101,0,0
GHCND:US1MANF0001,20150102,0,0
GHCND:US1MANF0001,20150103,0,0
GHCND:US1MANF0001,20150104,25,48
GHCND:US1MANF0001,20150105,0,0
GHCND:US1MANF0001,20150106,0,0
GHCND:US1MANF0001,20150107,0,5
GHCND:US1MANF0001,20150108,0,5
GHCND:US1MANF0001,20150109,0,0
GHCND:US1MANF0001,20150110,25,33
GHCND:US1MANF0001,20150111,25,0
GHCND:US1MANF0001,20150112,25,0
GHCND:US1MANF0001,20150113,0,0
GHCND:US1MANF0001,20150114,0,0
GHCND:US1MANF0001,20150115,0,8
GHCND:US1MANF0001,20150116,0,3
GHCND:US1MANF0001,20150117,0,0
GHCND:US1MANF0001,20150118,0,0
GHCND:US1MANF0001,20150119,0,0
GHCND:US1MANF0001,20150120,0,0
GHCND:US1MANF0001,20150121,0,0
GHCND:US1MANF0001,20150122,0,0
GHCND:US1MANF0001,20150123,0,0
GHCND:US1MANF0001,20150124,76,71
GHCND:US1MANF0001,20150125,127,71
GHCND:US1MANF0001,20150126,127,0
GHCND:US1MANF0001,20150127,483,394
GHCND:US1MANF0001,20150128,635,173
GHCND:US1MANF0001,20150129,635,0
GHCND:US1MANF0001,20150130,635,8
GHCND:US1MANF0001,20150131,259,10
GHCND:US1MANF0001,20150201,660,0
GHCND:US1MANF0001,20150202,737,112
GHCND:US1MANF0001,20150203,787,206
GHCND:US1MANF0001,20150204,762,0
GHCND:US1MANF0001,20150205,686,0
GHCND:US1MANF0001,20150206,737,66
GHCND:US1MANF0001,20150207,686,0
GHCND:US1MANF0001,20150208,762,86
GHCND:US1MANF0001,20150209,838,140
GHCND:US1MANF0001,20150210,1016,198
GHCND:US1MANF0001,20150211,1016,3
GHCND:US1MANF0001,20150212,991,15
GHCND:US1MANF0001,20150213,965,13
GHCND:US1MANF0001,20150214,940,0
GHCND:US1MAPL0005,20150101,-9999,0
GHCND:US1MAPL0005,20150102,-9999,0
GHCND:US1MAPL0005,20150103,-9999,0
GHCND:US1MAPL0005,20150104,10,28
GHCND:US1MAPL0005,20150107,0,0
GHCND:US1MAPL0005,20150108,-9999,0
GHCND:US1MAPL0005,20150109,-9999,0
GHCND:US1MAPL0005,20150110,3,3
GHCND:US1MAPL0005,20150111,0,0
GHCND:US1MAPL0005,20150114,-9999,0
GHCND:US1MAPL0005,20150115,13,10
GHCND:US1MAPL0005,20150116,13,10
GHCND:US1MAPL0005,20150117,0,0
GHCND:US1MAPL0005,20150118,-9999,0
GHCND:US1MAPL0005,20150120,-9999,0
GHCND:US1MAPL0005,20150121,-9999,0
GHCND:US1MAPL0005,20150122,-9999,0
GHCND:US1MAPL0005,20150123,-9999,0
GHCND:US1MAPL0005,20150124,58,58
GHCND:US1MAPL0005,20150125,51,33
GHCND:US1MAPL0005,20150126,13,0
GHCND:US1MAPL0005,20150127,406,406
GHCND:US1MAPL0005,20150128,737,330
GHCND:US1MAPL0005,20150129,610,0
GHCND:US1MAPL0005,20150130,356,5
GHCND:US1MAPL0005,20150131,406,91
GHCND:US1MAPL0005,20150201,330,0
GHCND:US1MAPL0005,20150202,406,102
GHCND:US1MAPL0005,20150203,610,147
GHCND:US1MAPL0005,20150204,559,0
GHCND:US1MAPL0005,20150205,533,0
GHCND:US1MAPL0005,20150206,559,20
GHCND:US1MAPL0005,20150207,508,0
GHCND:US1MAPL0005,20150208,533,86
GHCND:US1MAPL0005,20150209,749,213
GHCND:US1MAPL0005,20150210,813,292
GHCND:US1MAPL0005,20150211,-9999,13
GHCND:US1MAPL0005,20150212,-9999,8
GHCND:US1MAPL0005,20150213,711,18
GHCND:US1MAPL0005,20150214,711,0
GHCND:USC00194760,20150101,0,0
GHCND:USC00194760,20150102,0,0
GHCND:USC00194760,20150103,0,0
GHCND:USC00194760,20150104,25,25
GHCND:USC00194760,20150105,0,0
GHCND:USC00194760,20150106,0,0
GHCND:USC00194760,20150107,0,0
GHCND:USC00194760,20150108,0,0
GHCND:USC00194760,20150109,0,0
GHCND:USC00194760,20150110,0,13
GHCND:USC00194760,20150111,0,0
GHCND:USC00194760,20150112,0,0
GHCND:USC00194760,20150113,0,0
GHCND:USC00194760,20150114,0,0
GHCND:USC00194760,20150115,0,0
GHCND:USC00194760,20150116,0,0
GHCND:USC00194760,20150117,0,0
GHCND:USC00194760,20150118,0,0
GHCND:USC00194760,20150119,0,0
GHCND:USC00194760,20150120,0,0
GHCND:USC00194760,20150121,0,0
GHCND:USC00194760,20150123,0,0
GHCND:USC00194760,20150124,76,64
GHCND:USC00194760,20150125,127,64
GHCND:USC00194760,20150126,127,0
GHCND:USC00194760,20150127,457,381
GHCND:USC00194760,20150128,762,406
GHCND:USC00194760,20150129,762,0
GHCND:USC00194760,20150130,584,0
GHCND:USC00194760,20150131,406,0
GHCND:USC00194760,20150201,406,0
GHCND:USC00194760,20150202,-9999,102
GHCND:USC00194760,20150203,762,254
GHCND:USC00194760,20150204,-9999,0
GHCND:USC00194760,20150205,610,0
GHCND:USC00194760,20150206,559,76
GHCND:USC00194760,20150207,508,0
GHCND:USC00194760,20150208,559,76
GHCND:USC00194760,20150209,559,152
GHCND:USC00194760,20150210,762,254
GHCND:USC00194760,20150211,762,0
GHCND:USC00194760,20150212,660,0
GHCND:USC00194760,20150213,660,0
GHCND:USC00194760,20150214,660,0
GHCND:US1MAWR0018,20150101,-9999,0
GHCND:US1MAWR0018,20150102,-9999,0
GHCND:US1MAWR0018,20150103,-9999,0
GHCND:US1MAWR0018,20150111,-9999,0
GHCND:US1MAWR0018,20150114,-9999,0
GHCND:US1MAWR0018,20150117,-9999,0
GHCND:US1MAWR0018,20150118,0,0
GHCND:US1MAWR0001,20150104,25,64
GHCND:US1MAWR0001,20150107,-9999,8
GHCND:US1MAWR0001,20150109,-9999,0
GHCND:US1MAWR0001,20150110,-9999,46
GHCND:US1MAWR0001,20150111,-9999,0
GHCND:US1MAWR0001,20150114,-9999,0
GHCND:US1MAWR0001,20150117,-9999,0
GHCND:US1MAWR0001,20150118,-9999,0
GHCND:US1MAWR0001,20150120,-9999,0
GHCND:US1MAWR0001,20150121,-9999,0
GHCND:US1MAWR0001,20150122,-9999,0
GHCND:US1MAWR0001,20150124,99,99
GHCND:US1MAWR0001,20150125,157,79
GHCND:US1MAWR0001,20150126,-9999,0
GHCND:US1MAWR0001,20150127,559,432
GHCND:US1MAWR0001,20150128,-9999,310
GHCND:US1MAWR0001,20150130,445,8
GHCND:US1MAWR0001,20150131,432,13
GHCND:US1MAWR0001,20150201,-9999,0
GHCND:US1MAWR0001,20150202,-9999,69
GHCND:US1MAWR0001,20150203,686,284
GHCND:US1MAWR0001,20150204,-9999,0
GHCND:US1MAWR0001,20150205,610,56
GHCND:US1MAWR0001,20150206,-9999,0
GHCND:US1MAWR0001,20150207,-9999,0
GHCND:US1MAWR0001,20150208,-9999,79
GHCND:US1MAWR0001,20150209,660,124
GHCND:US1MAWR0001,20150210,-9999,91
GHCND:US1MAWR0001,20150212,-9999,0
GHCND:US1MAWR0001,20150213,665,5
GHCND:US1MAES0012,20150101,0,0
GHCND:US1MAES0012,20150102,0,0
GHCND:US1MAES0012,20150103,0,0
GHCND:US1MAES0012,20150104,13,76
GHCND:US1MAES0012,20150105,13,0
GHCND:US1MAES0012,20150106,0,0
GHCND:US1MAES0012,20150107,0,3
GHCND:US1MAES0012,20150108,0,0
GHCND:US1MAES0012,20150109,0,0
GHCND:US1MAES0012,20150110,13,13
GHCND:US1MAES0012,20150111,13,0
GHCND:US1MAES0012,20150112,13,0
GHCND:US1MAES0012,20150113,13,0
GHCND:US1MAES0012,20150114,13,0
GHCND:US1MAES0012,20150115,13,0
GHCND:US1MAES0012,20150116,13,5
GHCND:US1MAES0012,20150117,13,0
GHCND:US1MAES0012,20150118,13,0
GHCND:US1MAES0012,20150119,0,0
GHCND:US1MAES0012,20150120,0,0
GHCND:US1MAES0012,20150121,0,0
GHCND:US1MAES0012,20150122,0,0
GHCND:US1MAES0012,20150123,0,0
GHCND:US1MAES0012,20150124,38,38
GHCND:US1MAES0012,20150125,127,152
GHCND:US1MAES0012,20150126,76,0
GHCND:US1MAES0012,20150127,457,394
GHCND:US1MAES0012,20150128,610,152
GHCND:US1MAES0012,20150129,559,0
GHCND:US1MAES0012,20150130,533,13
GHCND:US1MAES0012,20150131,559,41
GHCND:US1MAES0012,20150201,533,0
GHCND:US1MAES0012,20150202,699,168
GHCND:US1MAES0012,20150203,876,178
GHCND:US1MAES0012,20150204,838,0
GHCND:US1MAES0012,20150205,762,3
GHCND:US1MAES0012,20150206,787,23
GHCND:US1MAES0012,20150207,711,0
GHCND:US1MAES0012,20150208,800,140
GHCND:US1MAES0012,20150209,940,147
GHCND:US1MAES0012,20150210,1118,198
GHCND:US1MAES0012,20150211,1067,0
GHCND:US1MAES0012,20150212,1016,0
GHCND:US1MAES0012,20150213,991,38
GHCND:USC00198757,20150101,0,0
GHCND:USC00198757,20150102,0,0
GHCND:USC00198757,20150103,0,0
GHCND:USC00198757,20150104,51,51
GHCND:USC00198757,20150105,0,0
GHCND:USC00198757,20150106,0,0
GHCND:USC00198757,20150107,0,5
GHCND:USC00198757,20150108,0,0
GHCND:USC00198757,20150109,0,0
GHCND:USC00198757,20150110,25,28
GHCND:USC00198757,20150111,25,0
GHCND:USC00198757,20150112,25,0
GHCND:USC00198757,20150113,0,0
GHCND:USC00198757,20150114,0,0
GHCND:USC00198757,20150115,0,8
GHCND:USC00198757,20150116,0,5
GHCND:USC00198757,20150117,0,0
GHCND:USC00198757,20150118,0,0
GHCND:USC00198757,20150119,0,0
GHCND:USC00198757,20150120,0,0
GHCND:USC00198757,20150121,0,0
GHCND:USC00198757,20150122,0,0
GHCND:USC00198757,20150123,0,0
GHCND:USC00198757,20150124,51,61
GHCND:USC00198757,20150125,127,81
GHCND:USC00198757,20150126,-9999,0
GHCND:USC00198757,20150127,406,274
GHCND:USC00198757,20150128,508,147
GHCND:USC00198757,20150129,483,0
GHCND:USC00198757,20150130,457,5
GHCND:USC00198757,20150131,457,41
GHCND:USC00198757,20150201,432,0
GHCND:USC00198757,20150202,508,91
GHCND:USC00198757,20150203,686,287
GHCND:USC00198757,20150204,610,0
GHCND:USC00198757,20150205,584,0
GHCND:USC00198757,20150206,635,66
GHCND:USC00198757,20150207,635,0
GHCND:USC00193624,20150101,0,0
GHCND:USC00193624,20150102,0,0
GHCND:USC00193624,20150103,25,20
GHCND:USC00193624,20150104,0,23
GHCND:USC00193624,20150105,0,0
GHCND:USC00193624,20150106,0,3
GHCND:USC00193624,20150107,0,0
GHCND:USC00193624,20150108,0,0
GHCND:USC00193624,20150109,0,10
GHCND:USC00193624,20150110,0,0
GHCND:USC00193624,20150111,0,0
GHCND:USC00193624,20150112,0,0
GHCND:USC00193624,20150113,0,0
GHCND:USC00193624,20150114,0,0
GHCND:USC00193624,20150115,25,18
GHCND:USC00193624,20150116,25,0
GHCND:USC00193624,20150117,25,0
GHCND:USC00193624,20150118,0,0
GHCND:USC00193624,20150119,0,0
GHCND:USC00193624,20150120,0,0
GHCND:USC00193624,20150121,0,0
GHCND:USC00193624,20150122,0,0
GHCND:USC00193624,20150123,0,0
GHCND:USC00193624,20150124,102,102
GHCND:USC00193624,20150125,127,33
GHCND:USC00193624,20150126,102,15
GHCND:USC00193624,20150127,533,556
GHCND:USC00193624,20150128,483,38
GHCND:USC00193624,20150129,432,0
GHCND:USC00193624,20150130,406,20
GHCND:USC00193624,20150131,406,13
GHCND:USC00193624,20150201,381,0
GHCND:USC00193624,20150202,686,343
GHCND:USC00193624,20150203,660,13
GHCND:USC00193624,20150204,635,0
GHCND:USC00193624,20150205,610,33
GHCND:USC00193624,20150206,610,0
GHCND:USC00193624,20150207,584,3
GHCND:USC00193624,20150208,711,180
GHCND:USC00193624,20150209,991,356
GHCND:USC00193624,20150210,965,76
GHCND:USC00193624,20150211,940,15
GHCND:USC00193624,20150212,889,18
GHCND:USC00193624,20150213,864,0
GHCND:US1MAES0008,20150101,-9999,0
GHCND:US1MAES0008,20150102,-9999,0
GHCND:US1MAES0008,20150103,-9999,0
GHCND:US1MAES0008,20150104,0,36
GHCND:US1MAES0008,20150106,-9999,0
GHCND:US1MAES0008,20150107,3,5
GHCND:US1MAES0008,20150108,-9999,0
GHCND:US1MAES0008,20150109,-9999,0
GHCND:US1MAES0008,20150110,5,8
GHCND:US1MAES0008,20150111,3,0
GHCND:US1MAES0008,20150112,0,0
GHCND:US1MAES0008,20150114,-9999,0
GHCND:US1MAES0008,20150115,3,3
GHCND:US1MAES0008,20150116,5,5
GHCND:US1MAES0008,20150117,0,0
GHCND:US1MAES0008,20150118,-9999,0
GHCND:US1MAES0008,20150120,-9999,0
GHCND:US1MAES0008,20150121,-9999,0
GHCND:US1MAES0008,20150122,-9999,0
GHCND:US1MAES0008,20150123,-9999,0
GHCND:US1MAES0008,20150124,91,91
GHCND:US1MAES0008,20150125,99,53
GHCND:US1MAES0008,20150126,-9999,0
GHCND:US1MAES0008,20150129,-9999,0
GHCND:US1MAES0008,20150130,660,5
GHCND:US1MAES0008,20150131,610,25
GHCND:US1MAES0008,20150201,-9999,0
GHCND:US1MAES0008,20150202,-9999,152
GHCND:US1MAES0008,20150203,813,279
GHCND:US1MAES0008,20150204,-9999,0
GHCND:US1MAES0008,20150205,704,8
GHCND:US1MAES0008,20150206,711,5
GHCND:US1MAES0008,20150207,-9999,0
GHCND:US1MAES0008,20150208,762,109
GHCND:US1MAES0008,20150209,813,203
GHCND:US1MAES0008,20150210,914,178
GHCND:US1MAES0008,20150211,902,5
GHCND:US1MAES0008,20150212,889,5
GHCND:US1MAES0008,20150213,914,41
GHCND:US1MAES0003,20150101,-9999,0
GHCND:US1MAES0003,20150102,0,0
GHCND:US1MAES0003,20150103,0,0
GHCND:US1MAES0003,20150104,38,64
GHCND:US1MAES0003,20150105,25,0
GHCND:US1MAES0003,20150106,25,0
GHCND:US1MAES0003,20150107,25,3
GHCND:US1MAES0003,20150108,25,0
GHCND:US1MAES0003,20150109,25,0
GHCND:US1MAES0003,20150110,38,25
GHCND:US1MAES0003,20150111,38,0
GHCND:US1MAES0003,20150112,38,0
GHCND:US1MAES0003,20150113,-9999,0
GHCND:US1MAES0003,20150114,25,0
GHCND:US1MAES0003,20150115,13,0
GHCND:US1MAES0003,20150116,18,5
GHCND:US1MAES0003,20150117,13,0
GHCND:US1MAES0003,20150118,13,0
GHCND:US1MAES0003,20150119,3,0
GHCND:US1MAES0003,20150120,3,0
GHCND:US1MAES0003,20150121,-9999,0
GHCND:US1MAES0003,20150122,3,0
GHCND:US1MAES0003,20150123,-9999,0
GHCND:US1MAES0003,20150124,3,0
GHCND:US1MAES0003,20150125,178,178
GHCND:US1MAES0003,20150126,178,0
GHCND:US1MAES0003,20150127,737,559
GHCND:US1MAES0003,20150128,838,102
GHCND:US1MAES0003,20150129,-9999,0
GHCND:US1MAES0003,20150130,838,0
GHCND:US1MAES0003,20150131,864,38
GHCND:US1MAES0003,20150201,-9999,0
GHCND:US1MAES0003,20150204,-9999,0
GHCND:US1MAES0003,20150205,-9999,76
GHCND:US1MAES0003,20150206,-9999,25
GHCND:US1MAES0003,20150207,-9999,0
GHCND:US1MAES0003,20150208,648,89
GHCND:US1MAES0003,20150211,-9999,0
GHCND:US1MAES0003,20150212,-9999,0
GHCND:US1MAES0003,20150213,-9999,51
GHCND:US1MAES0003,20150214,635,0
GHCND:US1MAES0004,20150101,0,0
GHCND:US1MAES0004,20150102,0,0
GHCND:US1MAES0004,20150103,89,89
GHCND:US1MAES0004,20150104,25,0
GHCND:US1MAES0004,20150105,13,0
GHCND:US1MAES0004,20150106,13,10
GHCND:US1MAES0004,20150107,13,5
GHCND:US1MAES0004,20150108,13,0
GHCND:US1MAES0004,20150109,38,23
GHCND:US1MAES0004,20150110,38,0
GHCND:US1MAES0004,20150111,25,0
GHCND:US1MAES0004,20150112,13,3
GHCND:US1MAES0004,20150113,13,0
GHCND:US1MAES0004,20150114,13,0
GHCND:US1MAES0004,20150115,38,23
GHCND:US1MAES0004,20150116,25,0
GHCND:US1MAES0004,20150117,13,0
GHCND:US1MAES0004,20150118,0,0
GHCND:US1MAES0004,20150119,0,0
GHCND:US1MAES0004,20150120,0,0
GHCND:US1MAES0004,20150121,0,0
GHCND:US1MAES0004,20150122,0,0
GHCND:US1MAES0004,20150123,0,0
GHCND:US1MAES0004,20150124,165,165
GHCND:US1MAES0004,20150125,178,0
GHCND:US1MAES0004,20150126,178,18
GHCND:US1MAES0004,20150127,737,559
GHCND:US1MAES0004,20150128,635,20
GHCND:US1MAES0004,20150129,584,0
GHCND:US1MAES0004,20150130,584,48
GHCND:US1MAES0004,20150131,559,3
GHCND:US1MAES0004,20150201,508,0
GHCND:US1MAES0004,20150202,838,434
GHCND:US1MAES0004,20150203,762,0
GHCND:US1MAES0004,20150204,610,0
GHCND:US1MAES0004,20150205,584,91
GHCND:US1MAES0004,20150206,559,0
GHCND:US1MAES0004,20150207,559,15
GHCND:US1MAES0002,20150101,-9999,0
GHCND:US1MAES0002,20150102,-9999,0
GHCND:US1MAES0002,20150103,-9999,0
GHCND:US1MAES0002,20150104,0,0
GHCND:US1MAES0002,20150105,0,0
GHCND:US1MAES0002,20150106,-9999,0
GHCND:US1MAES0002,20150107,0,0
GHCND:US1MAES0002,20150108,0,3
GHCND:US1MAES0002,20150114,-9999,0
GHCND:US1MAES0002,20150115,0,0
GHCND:US1MAES0002,20150116,5,5
GHCND:US1MAES0002,20150117,0,0
GHCND:US1MAES0002,20150118,-9999,0
GHCND:US1MAES0002,20150119,0,0
GHCND:US1MAES0002,20150120,-9999,0
GHCND:US1MAES0002,20150121,-9999,0
GHCND:US1MAES0002,20150122,-9999,0
GHCND:US1MAES0002,20150123,-9999,0
GHCND:US1MAES0002,20150124,51,51
GHCND:US1MAES0002,20150125,140,104
GHCND:US1MAES0002,20150126,102,0
GHCND:US1MAES0002,20150127,381,356
GHCND:US1MAES0002,20150128,521,-9999
GHCND:US1MAES0002,20150129,483,0
GHCND:US1MAES0002,20150130,457,0
GHCND:US1MAES0002,20150131,432,51
GHCND:US1MAES0002,20150201,419,0
GHCND:US1MAES0002,20150202,470,76
GHCND:US1MAES0002,20150204,-9999,0
GHCND:US1MAES0002,20150205,-9999,0
GHCND:US1MAES0002,20150207,-9999,0
GHCND:US1MAES0002,20150211,-9999,0
GHCND:US1MAES0002,20150214,-9999,0
GHCND:US1MABR0009,20150101,-9999,0
GHCND:US1MABR0009,20150102,-9999,0
GHCND:US1MABR0009,20150103,-9999,0
GHCND:US1MABR0009,20150104,25,41
GHCND:US1MAWR0028,20150101,-9999,0
GHCND:US1MAWR0028,20150102,-9999,0
GHCND:US1MAWR0028,20150104,33,61
GHCND:US1MAWR0028,20150106,-9999,0
GHCND:US1MAWR0028,20150107,0,5
GHCND:US1MAWR0028,20150108,0,0
GHCND:US1MAWR0028,20150109,0,0
GHCND:US1MAWR0028,20150110,13,15
GHCND:US1MAWR0028,20150111,25,0
GHCND:US1MAWR0028,20150112,25,5
GHCND:US1MAWR0028,20150113,0,-9999
GHCND:US1MAWR0028,20150114,-9999,0
GHCND:US1MAWR0028,20150116,-9999,0
GHCND:US1MAWR0028,20150117,-9999,0
GHCND:US1MAWR0028,20150118,-9999,0
GHCND:US1MAWR0028,20150120,-9999,0
GHCND:US1MAWR0028,20150121,-9999,0
GHCND:US1MAWR0028,20150122,-9999,0
GHCND:US1MAWR0028,20150123,-9999,0
GHCND:US1MAWR0028,20150124,-9999,53
GHCND:US1MAWR0028,20150125,152,107
GHCND:US1MAWR0028,20150127,559,406
GHCND:US1MAWR0028,20150128,673,114
GHCND:US1MAWR0028,20150130,521,5
GHCND:US1MAWR0028,20150131,-9999,18
GHCND:US1MAWR0028,20150201,-9999,0
GHCND:US1MAWR0028,20150202,483,84
GHCND:US1MAWR0028,20150203,635,201
GHCND:US1MAWR0028,20150204,-9999,0
GHCND:US1MAWR0028,20150205,533,15
GHCND:US1MAWR0028,20150206,-9999,0
GHCND:US1MAWR0028,20150207,-9999,0
GHCND:US1MAWR0028,20150208,597,84
GHCND:US1MAWR0028,20150209,660,94
GHCND:US1MAWR0028,20150210,737,66
GHCND:US1MAWR0028,20150211,-9999,0
GHCND:US1MAWR0028,20150212,-9999,0
GHCND:US1MAWR0028,20150213,-9999,13
GHCND:US1MAPL0010,20150103,-9999,0
GHCND:US1MAPL0010,20150106,-9999,0
GHCND:US1MAPL0010,20150107,5,5
GHCND:US1MAPL0010,20150115,-9999,3
GHCND:US1MAPL0010,20150116,10,10
GHCND:US1MAPL0010,20150122,3,3
GHCND:US1MAPL0010,20150124,66,66
GHCND:US1MAPL0010,20150125,130,69
GHCND:US1MAPL0010,20150126,-9999,0
GHCND:US1MAPL0010,20150127,-9999,351
GHCND:US1MAPL0010,20150128,508,132
GHCND:US1MAPL0010,20150129,-9999,0
GHCND:US1MAPL0010,20150130,-9999,0
GHCND:US1MAPL0010,20150131,-9999,36
GHCND:US1MAPL0010,20150201,-9999,3
GHCND:US1MAPL0010,20150202,-9999,99
GHCND:US1MAPL0010,20150203,-9999,201
GHCND:US1MAPL0010,20150204,-9999,0
GHCND:US1MAPL0010,20150205,-9999,0
GHCND:US1MAPL0010,20150206,-9999,10
GHCND:US1MAPL0010,20150208,-9999,94
GHCND:US1MAPL0010,20150209,-9999,264
GHCND:US1MAPL0010,20150210,-9999,178
GHCND:US1MAPL0010,20150211,-9999,0
GHCND:US1MAPL0010,20150212,-9999,10
GHCND:US1MAPL0010,20150213,-9999,13
GHCND:US1MAPL0013,20150106,-9999,0
GHCND:US1MAPL0013,20150107,-9999,0
GHCND:US1MAPL0013,20150108,-9999,0
GHCND:US1MAPL0013,20150110,0,0
GHCND:US1MAPL0013,20150115,25,28
GHCND:US1MAPL0013,20150116,25,3
GHCND:US1MAPL0013,20150120,-9999,0
GHCND:US1MAPL0013,20150121,-9999,0
GHCND:US1MAPL0013,20150122,-9999,0
GHCND:US1MAPL0013,20150123,-9999,0
GHCND:US1MAPL0013,20150130,419,0
GHCND:US1MAPL0013,20150131,419,46
GHCND:US1MAPL0013,20150206,508,8
GHCND:USC00195984,20150101,0,0
GHCND:USC00195984,20150102,0,0
GHCND:USC00195984,20150105,0,-9999
GHCND:USC00195984,20150106,0,0
GHCND:USC00195984,20150107,0,3
GHCND:USC00195984,20150108,0,0
GHCND:USC00195984,20150109,0,0
GHCND:USC00195984,20150110,25,25
GHCND:USC00195984,20150111,25,0
GHCND:USC00195984,20150112,25,0
GHCND:USC00195984,20150113,0,0
GHCND:USC00195984,20150114,0,0
GHCND:USC00195984,20150115,0,0
GHCND:USC00195984,20150116,0,0
GHCND:USC00195984,20150117,0,0
GHCND:USC00195984,20150118,0,0
GHCND:USC00195984,20150119,0,0
GHCND:USC00195984,20150122,0,0
GHCND:USC00195984,20150123,0,0
GHCND:USC00195984,20150124,76,69
GHCND:USC00195984,20150125,76,28
GHCND:USC00195984,20150126,51,0
GHCND:USC00195984,20150127,356,330
GHCND:USC00195984,20150128,508,178
GHCND:USC00195984,20150129,483,0
GHCND:USC00195984,20150130,432,0
GHCND:USC00195984,20150131,406,5
GHCND:USC00195984,20150201,406,0
GHCND:USC00195984,20150202,457,99
GHCND:USC00195984,20150203,635,168
GHCND:USC00195984,20150204,610,0
GHCND:USC00195984,20150205,584,0
GHCND:USC00195984,20150206,51,25
GHCND:USC00195984,20150207,610,0
GHCND:USC00195984,20150208,610,74
GHCND:USC00195984,20150209,660,74
GHCND:USC00195984,20150210,762,267
GHCND:USC00195984,20150211,711,0
GHCND:USC00195984,20150212,686,25
GHCND:US1MAPL0012,20150104,30,-9999
GHCND:US1MAPL0012,20150110,-9999,8
GHCND:US1MAPL0012,20150111,8,0
GHCND:US1MAPL0012,20150112,5,-9999
GHCND:US1MAPL0012,20150115,5,-9999
GHCND:US1MAPL0012,20150116,-9999,8
GHCND:US1MAPL0012,20150124,-9999,64
GHCND:US1MAPL0012,20150125,76,51
GHCND:US1MAPL0012,20150127,-9999,356
GHCND:US1MAPL0012,20150128,660,305
GHCND:US1MAPL0012,20150130,457,-9999
GHCND:US1MAPL0012,20150131,445,51
GHCND:US1MAPL0012,20150201,457,-9999
GHCND:US1MAPL0012,20150202,521,76
GHCND:US1MAPL0012,20150203,686,216
GHCND:US1MAPL0012,20150204,686,-9999
GHCND:US1MAPL0012,20150205,622,-9999
GHCND:US1MAPL0012,20150206,660,38
GHCND:US1MAPL0012,20150207,635,-9999
GHCND:US1MAPL0012,20150208,711,76
GHCND:US1MAPL0012,20150209,787,140
GHCND:US1MAPL0012,20150210,889,216
GHCND:US1MAPL0012,20150211,889,-9999
GHCND:US1MAPL0012,20150212,864,13
GHCND:US1MAPL0012,20150213,864,-9999
GHCND:US1MAPL0012,20150214,864,-9999
GHCND:US1MABR0003,20150101,-9999,0
GHCND:US1MABR0003,20150102,-9999,0
GHCND:US1MABR0003,20150103,-9999,0
GHCND:US1MABR0003,20150104,25,33
GHCND:US1MABR0003,20150106,-9999,0
GHCND:US1MABR0003,20150107,0,3
GHCND:US1MABR0003,20150108,-9999,0
GHCND:US1MABR0003,20150109,-9999,0
GHCND:US1MABR0003,20150110,25,25
GHCND:US1MABR0003,20150111,25,0
GHCND:US1MABR0003,20150112,25,0
GHCND:US1MABR0003,20150114,-9999,0
GHCND:US1MABR0003,20150115,0,0
GHCND:US1MABR0003,20150116,0,0
GHCND:US1MABR0003,20150117,-9999,0
GHCND:US1MABR0003,20150118,-9999,0
GHCND:US1MABR0003,20150120,-9999,0
GHCND:US1MABR0003,20150121,-9999,0
GHCND:US1MABR0003,20150122,-9999,0
GHCND:US1MABR0003,20150123,-9999,0
GHCND:US1MABR0003,20150124,64,69
GHCND:US1MABR0003,20150125,76,28
GHCND:US1MABR0003,20150126,-9999,0
GHCND:US1MABR0003,20150127,356,330
GHCND:US1MABR0003,20150128,533,178
GHCND:US1MABR0003,20150129,483,0
GHCND:US1MABR0003,20150130,432,0
GHCND:US1MABR0003,20150131,406,5
GHCND:US1MABR0003,20150201,406,0
GHCND:US1MABR0003,20150202,457,99
GHCND:US1MABR0003,20150203,635,168
GHCND:US1MABR0003,20150204,-9999,0
GHCND:US1MABR0003,20150206,610,25
GHCND:US1MABR0003,20150207,610,0
GHCND:US1MABR0003,20150208,610,74
GHCND:US1MABR0003,20150209,660,74
GHCND:US1MABR0003,20150210,762,267
GHCND:US1MABR0003,20150211,711,0
GHCND:US1MABR0003,20150212,686,25
GHCND:US1MAMD0042,20150101,-9999,0
GHCND:US1MAMD0042,20150102,-9999,0
GHCND:US1MAMD0042,20150103,-9999,0
GHCND:US1MAMD0042,20150114,-9999,0
GHCND:US1MAMD0042,20150124,-9999,58
GHCND:US1MAMD0042,20150125,152,86
GHCND:US1MAMD0042,20150127,419,292
GHCND:US1MAMD0042,20150128,521,155
GHCND:US1MAMD0042,20150129,457,-9999
GHCND:US1MAMD0042,20150130,419,-9999
GHCND:US1MAMD0042,20150131,381,-9999
GHCND:US1MAMD0042,20150201,-9999,0
GHCND:US1MAMD0042,20150202,-9999,97
GHCND:US1MAMD0042,20150203,584,203
GHCND:US1MAMD0042,20150206,533,-9999
GHCND:US1MAMD0042,20150207,-9999,0
GHCND:US1MAMD0042,20150208,610,76
GHCND:US1MAMD0042,20150209,696,89
GHCND:US1MAMD0042,20150210,711,112
GHCND:US1MAMD0042,20150211,660,0
GHCND:US1MAMD0042,20150212,660,-9999
GHCND:US1MAMD0042,20150213,635,8
GHCND:US1MAMD0043,20150104,-9999,33
GHCND:US1MAMD0043,20150107,-9999,3
GHCND:US1MAMD0043,20150108,-9999,0
GHCND:US1MAMD0043,20150110,-9999,10
GHCND:US1MAMD0043,20150113,-9999,0
GHCND:US1MAMD0043,20150115,-9999,5
GHCND:US1MAMD0043,20150116,-9999,5
GHCND:US1MAMD0043,20150117,-9999,0
GHCND:US1MAMD0043,20150124,-9999,56
GHCND:US1MAMD0043,20150125,140,84
GHCND:US1MAMD0043,20150126,-9999,0
GHCND:US1MAMD0043,20150127,-9999,340
GHCND:US1MAMD0043,20150128,-9999,234
GHCND:US1MAMD0043,20150130,-9999,0
GHCND:US1MAMD0043,20150202,-9999,94
GHCND:US1MAMD0043,20150203,-9999,267
GHCND:US1MAMD0043,20150206,-9999,13
GHCND:US1MAMD0043,20150207,-9999,0
GHCND:US1MAMD0043,20150208,-9999,84
GHCND:US1MAMD0043,20150209,-9999,127
GHCND:US1MAMD0043,20150210,-9999,185
GHCND:US1MAMD0043,20150211,-9999,8
GHCND:US1MAMD0043,20150212,-9999,25
GHCND:US1MAMD0043,20150213,-9999,23
GHCND:USC00190860,20150101,0,0
GHCND:USC00190860,20150102,0,0
GHCND:USC00190860,20150103,25,25
GHCND:USC00190860,20150104,0,0
GHCND:USC00190860,20150105,0,0
GHCND:USC00190860,20150106,0,0
GHCND:USC00190860,20150107,0,0
GHCND:USC00190860,20150108,0,0
GHCND:USC00190860,20150109,0,0
GHCND:USC00190860,20150110,0,0
GHCND:USC00190860,20150111,0,0
GHCND:USC00190860,20150112,0,0
GHCND:USC00190860,20150113,0,0
GHCND:USC00190860,20150114,0,0
GHCND:USC00190860,20150115,0,0
GHCND:USC00190860,20150116,0,0
GHCND:USC00190860,20150117,0,0
GHCND:USC00190860,20150118,0,0
GHCND:USC00190860,20150119,0,0
GHCND:USC00190860,20150120,0,0
GHCND:USC00190860,20150123,0,0
GHCND:USC00190860,20150124,76,89
GHCND:USC00190860,20150125,76,0
GHCND:USC00190860,20150126,203,127
GHCND:USC00190860,20150127,533,330
GHCND:USC00190860,20150128,406,0
GHCND:USC00190860,20150129,356,0
GHCND:USC00190860,20150131,0,71
GHCND:USC00190860,20150201,356,0
GHCND:USC00190860,20150202,635,305
GHCND:USC00190860,20150203,584,0
GHCND:USC00190860,20150204,533,0
GHCND:USC00190860,20150205,533,0
GHCND:USC00190860,20150206,559,0
GHCND:USC00190860,20150207,559,0
GHCND:USC00190860,20150209,762,381
GHCND:USC00190860,20150210,737,0
GHCND:USC00190860,20150211,737,0
GHCND:USC00190860,20150212,0,0
